Segment ID,Start Time (s),End Time (s),Duration (s),Speaker,Gender,Text,Word Count
0,1.10,15.44,14.34,SPEAKER_01,Male,"Chào mọi người, cảm ơn đã có mặt đúng giờ. Hôm nay chúng ta sẽ hợp lại để cảm nhận tiến độ dự án quan trọng theo xu hướng của Kinh tế năm 2025 và chờ đợi những công việc cần hoàn thành trong hai tuần tới. Linh, em có thể bắt đầu hoàn thành báo cáo dữ liệu.",59
1,16.00,34.10,18.10,SPEAKER_00,Female,"Dạ, dạ, dạ. Hiện tại nhóm đã hoàn thiện được phần thu thập, lập số liệu từ tổng cục thống kê của hai nhà nước. Nhưng dữ liệu xuất nhập khẩu tháng 9 vẫn còn thiếu một vài triệu tiêu về nhóm hàng công nghệ cao. Em đã gửi các yêu cầu cập nhật cũng như dự kiến của tuần sẽ nhận được anh.",64
2,34.12,38.52,4.40,SPEAKER_01,Male,"Ok, khi có dữ liệu đầy đủ em sẽ làm tiếp theo.",12
3,39.30,52.60,13.30,SPEAKER_00,Female,"Chắc chắn em sẽ bắt đầu với bước tiền xử lý trước, sau đó chuẩn hóa dữ liệu và trạm (cũng như) mô hình dự báo GDB theo khu vực Kinh tế. Dự kiến khoảng thứ 4 tuần sau em sẽ gửi cho anh báo cáo phân tích số liệu.",50
4,53.12,86.84,33.72,SPEAKER_01,Male,"Ok, nhớ đúng hạn deadline nha, cảm ơn em. Còn mình ở mạng phân tích vĩ mô tình hình thế nào? Ở cái phần em đã hoàn thiện báo cáo về lạm phát trên sách tiền tệ. Nhưng phần dự báo tăng trưởng quý thứ 4 cần phải thêm đầu vào từ nhóm của Linh để có thể hiệu chỉnh mô hình. Ngoài ra, em có đề xuất một mục nhỏ về tác động của biến động kỳ giá. Vì gần đây nó có tín hiệu cần chú ý từ mũi.",91
5,89.00,104.96,15.96,SPEAKER_01,Male,"Ok, em nhớ bỏ xuân phần nhưng em nhớ lưu ý giữ dung lượng báo cáo trong giá hạn 10 trang nha. Dạ ok anh ơi, em sẽ cân đối nội dung với lại người bạn cập nhật vào thứ 6 tháng nha. Ok, rồi còn Hương, nhóm truyền thông và báo cáo tiến độ.",55
6,104.96,140.08,35.12,SPEAKER_00,Female,"Hàng thẳng đề ý cho báo cáo chuẩn bày và thiết kế tôi cô gác thức cho phần số 4 đầu tiên của nước ngoài. Nhưng tôi cứ xin tôi gửi gửi khoản ảnh về chỉ số S. I. A để minh họa. không biết Linh tôi có gửi cho chị bộ số vậy được không? Dạ được chị, để tôi gửi chiều nay cho chị nha. Ok, anh kêu tôi nha. Tôi cũng muốn hỏi anh Nam về cái bản thiền chiến cuối cùng mình có còn bổ sung phần tiến lí chính sách không?",96
7,140.32,174.54,34.22,SPEAKER_01,Male,"Có chứ, phần nó quan trọng, tại vì mình mình sẽ chịu trách nhiệm với nội dung. Còn Hương sẽ lo phần trình bày cho đẹp mắt. Hai người cùng nhau làm hợp nha. Dạ ok, tôi với Hương sẽ cố gắng làm việc riêng để phóng nhanh phần trong tuần nha. Ok, giờ chốt lại cuối cùng deadline của Như sao? Thứ 6 sẽ có bản cập nhật phân tích vĩ mô và dữ liệu bổ sung. Còn thứ 4 tuần sau sẽ có bản báo cáo GDP từ Linh. Cuối tuần sau sẽ hoàn hiện báo cáo trình chiếu và khuyến nghị cách chính sách.",107
8,176.03,180.78,4.75,SPEAKER_00,Female,"Dạ ok, rõ xếp. Dạ tôi cũng sẽ hoàn hiện phần trình bày đúng hạn.",15
9,182.06,186.80,4.74,SPEAKER_01,Male,Tôi sẽ gửi cái bản dự thảo khuyến nghị chính sách sớm để cho mọi người có biết nha.,19
10,188.80,195.08,6.28,SPEAKER_01,Male,"Ok, nếu không ai có ý kiến gì nữa buổi kết thúc. Cảm ơn mọi người, chúc mọi người có một tuần vui mẻ nhé.",25
11,195.54,196.10,0.56,SPEAKER_00,Female,Dạ cảm ơn.,3
12,197.76,198.60,0.84,SPEAKER_01,Male,Tạm biệt anh.,3
